create database tbFilmes;
use tbFilmes;

create table tbfilmes(
       codfilme int not null auto_increment,
       nomefilme varchar(255) not null,
       duracaominutos int,
       anolacamento date default '2008-01-01',
       avaliacao decimal not null,
       constraint pkfilmes primary key (codfilme)
);

INSERT INTO tbfilmes (codfilme, nomefilme, duracaominutos, anolacamento, avaliacao) VALUES
('1', 'karate kid', '123', '1997-03-01', '7'),
('2', 'como treina seu drgao', '150', '2010-05-03', '10'),
('3', 'Vingadores: Ultimato', '181', '2019-04-25', '9'),
('4', 'Titanic', '195', '1997-12-19', '8'),
('5', 'Interestelar', '169', '2014-11-06', '9'),
('6', 'O Rei Leão', '88', '1994-06-24', '8'),
('7', 'Homem-Aranha: Sem Volta para Casa', '148', '2021-12-16', '9'),
('8', 'A Bela e a Fera', '129', '2017-03-16', '7'),
('9', 'Frozen: Uma Aventura Congelante', '102', '2013-11-27', '8'),
('10', 'Toy Story 4', '100', '2019-06-20', '8'),
('11', 'Os Incríveis 2', '118', '2018-06-28', '8'),
('12', 'Procurando Nemo', '100', '2003-05-30', '9'),
('13', 'O Senhor dos Anéis: A Sociedade do Anel', '178', '2001-12-19', '10'),
('14', 'O Senhor dos Anéis: As Duas Torres', '179', '2002-12-18', '10'),
('15', 'O Senhor dos Anéis: O Retorno do Rei', '201', '2003-12-17', '10'),
('16', 'Harry Potter e a Pedra Filosofal', '152', '2001-11-23', '9'),
('17', 'Harry Potter e a Câmara Secreta', '161', '2002-11-22', '8'),
('18', 'Harry Potter e o Prisioneiro de Azkaban', '142', '2004-06-04', '9'),
('19', 'Harry Potter e o Cálice de Fogo', '157', '2005-11-18', '8'),
('20', 'Harry Potter e a Ordem da Fênix', '138', '2007-07-11', '8'),
('21', 'Harry Potter e o Enigma do Príncipe', '153', '2009-07-15', '8'),
('22', 'Harry Potter e as Relíquias da Morte: Parte 1', '146', '2010-11-19', '9'),
('23', 'Harry Potter e as Relíquias da Morte: Parte 2', '130', '2011-07-15', '9'),
('24', 'Coringa', '122', '2019-10-03', '9'),
('25', 'Batman: O Cavaleiro das Trevas', '152', '2008-07-18', '10'),
('26', 'O Lobo de Wall Street', '180', '2013-12-25', '8'),
('27', 'A Origem', '148', '2010-07-16', '9'),
('28', 'Django Livre', '165', '2012-12-25', '9'),
('29', 'Clube da Luta', '139', '1999-10-15', '10'),
('30', 'Forrest Gump', '142', '1994-07-06', '10'),
('31', 'O Poderoso Chefão', '175', '1972-03-24', '10'),
('32', 'O Poderoso Chefão: Parte II', '202', '1974-12-20', '10'),
('33', 'O Poderoso Chefão: Parte III', '162', '1990-12-25', '8'),
('34', 'Pulp Fiction: Tempo de Violência', '154', '1994-10-14', '9'),
('35', 'Gladiador', '155', '2000-05-05', '9'),
('36', 'O Resgate do Soldado Ryan', '169', '1998-07-24', '9'),
('37', 'A Lista de Schindler', '195', '1993-12-15', '10'),
('38', 'Os Oito Odiados', '187', '2015-12-25', '8'),
('39', 'Piratas do Caribe: A Maldição do Pérola Negra', '143', '2003-07-09', '8'),
('40', 'Transformers', '144', '2007-07-04', '7'),
('41', 'Avatar', '162', '2009-12-18', '9'),
('42', 'Guardiões da Galáxia', '121', '2014-08-01', '8'),
('43', 'Deadpool', '108', '2016-02-12', '8'),
('44', 'Pantera Negra', '134', '2018-02-16', '9'),
('45', 'Capitão América: Guerra Civil', '147', '2016-04-28', '8'),
('46', 'Doutor Estranho', '115', '2016-11-04', '8'),
('47', 'Homem de Ferro', '126', '2008-05-02', '9'),
('48', 'Thor: Ragnarok', '130', '2017-11-03', '8'),
('49', 'Homem-Formiga', '117', '2015-07-17', '7'),
('50', 'Shrek', '90', '2001-05-18', '9');


create table tbautorfilme(
     codautor int not null auto_increment,
     nomeautor varchar(100) not null,
     nacimentoautor date,
     idadeautor int,
     filme int,
     constraint verificacaoautor check(idadeautor >= 18),
     constraint pkautor primary key (codautor),
     constraint fkautor foreign key (filme) 
						references tbfilmes (codfilme)
);

INSERT INTO tbautorfilme (codautor, nomeautor, nacimentoautor, idadeautor, filme) VALUES
('1', 'vinicius', '2001-01-01', '24', '1'),
('2', 'ana', '1995-05-12', '30', '2'),
('3', 'joão', '1988-07-23', '36', '3'),
('4', 'maria', '1990-03-15', '34', '4'),
('5', 'carlos', '1975-11-30', '49', '5'),
('6', 'paula', '1985-09-20', '39', '6'),
('7', 'lucas', '2000-02-14', '25', '7'),
('8', 'juliana', '1999-04-11', '26', '8'),
('9', 'rodrigo', '1992-06-05', '32', '9'),
('10', 'larissa', '1998-12-08', '26', '10'),
('11', 'bruno', '1994-08-18', '30', '11'),
('12', 'aline', '2003-10-25', '21', '12'),
('13', 'daniel', '1980-01-09', '45', '13'),
('14', 'fernanda', '1987-03-30', '37', '14'),
('15', 'rafael', '1991-07-02', '33', '15'),
('16', 'beatriz', '1996-09-17', '28', '16'),
('17', 'gustavo', '1983-11-05', '41', '17'),
('18', 'carolina', '1997-12-19', '27', '18'),
('19', 'pedro', '2002-05-22', '23', '19'),
('20', 'isabela', '1993-08-07', '31', '20'),
('21', 'felipe', '1989-02-12', '36', '21'),
('22', 'amanda', '2001-04-04', '24', '22'),
('23', 'marcos', '1995-06-16', '30', '23'),
('24', 'thais', '1986-09-09', '38', '24'),
('25', 'luciana', '1990-12-30', '34', '25'),
('26', 'eduardo', '1984-03-21', '40', '26'),
('27', 'bianca', '1998-05-01', '26', '27'),
('28', 'leonardo', '1978-07-13', '46', '28'),
('29', 'camila', '1982-10-10', '42', '29'),
('30', 'andré', '1997-01-28', '27', '30'),
('31', 'patricia', '1991-03-06', '33', '31'),
('32', 'renato', '1985-06-24', '39', '32'),
('33', 'gabriela', '1994-08-15', '30', '33'),
('34', 'ricardo', '1992-11-11', '32', '34'),
('35', 'leticia', '2000-12-03', '24', '35'),
('36', 'thiago', '1996-02-27', '28', '36'),
('37', 'julio', '1981-05-08', '43', '37'),
('38', 'roberta', '1988-09-19', '36', '38'),
('39', 'mariana', '1993-12-23', '31', '39'),
('40', 'henrique', '1999-03-14', '25', '40'),
('41', 'debora', '2004-01-01', '20', '41'),
('42', 'alex', '1990-06-06', '34', '42'),
('43', 'sabrina', '1997-08-12', '27', '43'),
('44', 'vitor', '1983-10-28', '41', '44'),
('45', 'elaine', '1985-12-17', '39', '45'),
('46', 'roberto', '1982-04-30', '42', '46'),
('47', 'helena', '1994-09-01', '30', '47'),
('48', 'danilo', '2000-11-20', '24', '48'),
('49', 'priscila', '1998-05-29', '26', '49'),
('50', 'jonas', '1987-07-07', '37', '50');


create table tbator(
      codator int not null auto_increment,
      nomeator varchar(100) not null,
      nacimento date default '2007-01-01',
      idadeator int,
      codtbfilme int,
      constraint varificacao check(idadeator >= 18),
      constraint pkator primary key(codator),
      constraint fkator foreign key(codtbfilme) 
                        references tbfilmes (codfilme)
);

INSERT INTO tbator (codator, nomeator, nacimento, idadeator, codtbfilme) VALUES
('1', 'jose', '2007-02-23', '18', '1'),
('2', 'maria', '2005-05-14', '20', '2'),
('3', 'carlos', '2000-08-12', '25', '3'),
('4', 'ana', '1998-11-22', '26', '4'),
('5', 'lucas', '1997-01-30', '28', '5'),
('6', 'beatriz', '2002-07-07', '23', '6'),
('7', 'joão', '2003-03-11', '22', '7'),
('8', 'fernanda', '2001-09-19', '23', '8'),
('9', 'rodrigo', '1999-06-25', '26', '9'),
('10', 'juliana', '2004-04-04', '21', '10'),
('11', 'andré', '2000-12-15', '24', '11'),
('12', 'larissa', '1996-10-03', '28', '12'),
('13', 'marcos', '2005-01-28', '20', '13'),
('14', 'patricia', '2003-02-17', '22', '14'),
('15', 'gabriel', '2001-06-30', '24', '15'),
('16', 'carolina', '2002-09-21', '22', '16'),
('17', 'ricardo', '1998-03-12', '27', '17'),
('18', 'aline', '1999-05-19', '26', '18'),
('19', 'gustavo', '2000-08-08', '24', '19'),
('20', 'amanda', '1997-12-02', '27', '20'),
('21', 'felipe', '2004-07-15', '20', '21'),
('22', 'taina', '2003-11-10', '21', '22'),
('23', 'roberto', '1996-02-19', '29', '23'),
('24', 'luana', '2002-05-05', '23', '24'),
('25', 'leonardo', '2000-09-09', '24', '25'),
('26', 'elisa', '1999-04-23', '26', '26'),
('27', 'thiago', '2001-11-11', '23', '27'),
('28', 'mariana', '2002-06-18', '23', '28'),
('29', 'renato', '2003-08-24', '21', '29'),
('30', 'helena', '2004-10-29', '20', '30'),
('31', 'bruno', '1997-03-16', '28', '31'),
('32', 'isabela', '1998-05-02', '27', '32'),
('33', 'daniel', '2000-12-20', '24', '33'),
('34', 'thais', '1999-06-27', '26', '34'),
('35', 'henrique', '2001-04-13', '24', '35'),
('36', 'eliane', '2003-09-01', '21', '36'),
('37', 'mateus', '2005-11-05', '19', '37'),
('38', 'debora', '2000-02-07', '25', '38'),
('39', 'alexandre', '1999-08-28', '25', '39'),
('40', 'simone', '1998-12-09', '26', '40'),
('41', 'paulo', '2004-01-14', '21', '41'),
('42', 'victoria', '2001-05-19', '24', '42'),
('43', 'danilo', '2002-03-03', '23', '43'),
('44', 'raquel', '2000-07-26', '24', '44'),
('45', 'vitor', '1997-02-18', '28', '45'),
('46', 'sabrina', '1999-11-30', '25', '46'),
('47', 'edson', '2003-06-07', '22', '47'),
('48', 'clarissa', '2004-09-12', '20', '48'),
('49', 'jonas', '1996-08-03', '28', '49'),
('50', 'priscila', '1998-04-25', '27', '50');


create table tbprecofilmeautor(
      salarioautor int,
      codautor int,
      codfilme int,
      constraint pkprecoautor primary key (salarioautor),
      constraint fkprecoautor1 foreign key (codautor) 
							   references tbautorfilme (codautor),
      constraint fkprecoautor2 foreign key(codfilme) 
                               references tbfilmes (codfilme)
);

INSERT INTO tbprecofilmeautor (salarioautor, codautor, codfilme) VALUES
(1500, 1, 1),
(1800, 2, 2),
(2000, 3, 3),
(2500, 4, 4),
(3000, 5, 5),
(1700, 6, 6),
(2200, 7, 7),
(2600, 8, 8),
(1900, 9, 9),
(2800, 10, 10),
(2100, 11, 11),
(2300, 12, 12),
(2400, 13, 13),
(2700, 14, 14),
(3100, 15, 15),
(3300, 16, 16),
(3500, 17, 17),
(3600, 18, 18),
(3800, 19, 19),
(4000, 20, 20),
(4200, 21, 21),
(4300, 22, 22),
(4500, 23, 23),
(4700, 24, 24),
(4900, 25, 25),
(5000, 26, 26),
(5200, 27, 27),
(5300, 28, 28),
(5500, 29, 29),
(5700, 30, 30),
(5900, 31, 31),
(6000, 32, 32),
(6200, 33, 33),
(6400, 34, 34),
(6600, 35, 35),
(6800, 36, 36),
(7000, 37, 37),
(7200, 38, 38),
(7400, 39, 39),
(7600, 40, 40),
(7800, 41, 41),
(8000, 42, 42),
(8200, 43, 43),
(8400, 44, 44),
(8600, 45, 45),
(8800, 46, 46),
(9000, 47, 47),
(9200, 48, 48),
(9400, 49, 49),
(9600, 50, 50);


create table tbprecoatorfilme(
	   salarioator int,
       codtbator int,
       codtbfilme int,
       constraint fkprecoator1 foreign key(codtbator) 
							   references tbator (codator),
	   constraint fkprecoator2 foreign key(codtbfilme) 
							   references tbfilmes (codfilme)
);

INSERT INTO tbprecoatorfilme (salarioator, codtbator, codtbfilme) VALUES
('10000', '1', '1'),
('12000', '2', '2'),
('11000', '3', '3'),
('13000', '4', '4'),
('14000', '5', '5'),
('12500', '6', '6'),
('11500', '7', '7'),
('13500', '8', '8'),
('15000', '9', '9'),
('14500', '10', '10'),
('10000', '11', '11'),
('12000', '12', '12'),
('11000', '13', '13'),
('13000', '14', '14'),
('14000', '15', '15'),
('12500', '16', '16'),
('11500', '17', '17'),
('13500', '18', '18'),
('15000', '19', '19'),
('14500', '20', '20'),
('10000', '21', '21'),
('12000', '22', '22'),
('11000', '23', '23'),
('13000', '24', '24'),
('14000', '25', '25'),
('12500', '26', '26'),
('11500', '27', '27'),
('13500', '28', '28'),
('15000', '29', '29'),
('14500', '30', '30'),
('10000', '31', '31'),
('12000', '32', '32'),
('11000', '33', '33'),
('13000', '34', '34'),
('14000', '35', '35'),
('12500', '36', '36'),
('11500', '37', '37'),
('13500', '38', '38'),
('15000', '39', '39'),
('14500', '40', '40'),
('10000', '41', '41'),
('12000', '42', '42'),
('11000', '43', '43'),
('13000', '44', '44'),
('14000', '45', '45'),
('12500', '46', '46'),
('11500', '47', '47'),
('13500', '48', '48'),
('15000', '49', '49'),
('14500', '50', '50');



create table tbavaliacaoespecialista(
      codespecialista int not null auto_increment,
      nomespecialista varchar(100) not null,
      codfilmeavaliado int,
      nota decimal,
      constraint pkespecialista primary key(codespecialista),
      constraint fkespecialista foreign key(codfilmeavaliado) 
                                references tbfilmes (codfilme)
);
ALTER TABLE tbavaliacaoespecialista
MODIFY COLUMN nota FLOAT;

INSERT INTO tbavaliacaoespecialista (codespecialista, nomespecialista, codfilmeavaliado,nota) VALUES
('1', 'hilare', '1', '7.5'),
('2', 'marcos', '2', '8.0'),
('3', 'sandra', '3', '9.0'),
('4', 'joão', '4', '6.5'),
('5', 'ana', '5', '8.5'),
('6', 'roberto', '6', '7.0'),
('7', 'carla', '7', '9.5'),
('8', 'fernando', '8', '8.0'),
('9', 'beatriz', '9', '7.0'),
('10', 'lucas', '10', '6.0'),
('11', 'aline', '11', '7.8'),
('12', 'bruno', '12', '8.2'),
('13', 'gabriela', '13', '9.1'),
('14', 'paulo', '14', '7.4'),
('15', 'juliana', '15', '6.9'),
('16', 'felipe', '16', '8.7'),
('17', 'larissa', '17', '7.3'),
('18', 'carlos', '18', '9.0'),
('19', 'tania', '19', '8.1'),
('20', 'gustavo', '20', '7.6'),
('21', 'patricia', '21', '8.5'),
('22', 'daniel', '22', '7.9'),
('23', 'renata', '23', '8.8'),
('24', 'vinicius', '24', '7.2'),
('25', 'helena', '25', '6.7'),
('26', 'thiago', '26', '8.0'),
('27', 'simone', '27', '9.2'),
('28', 'matheus', '28', '7.5'),
('29', 'vanessa', '29', '8.4'),
('30', 'leonardo', '30', '7.8'),
('31', 'camila', '31', '6.8'),
('32', 'ricardo', '32', '8.9'),
('33', 'elisa', '33', '7.7'),
('34', 'antonio', '34', '9.3'),
('35', 'isabela', '35', '7.1'),
('36', 'edson', '36', '8.6'),
('37', 'raquel', '37', '6.9'),
('38', 'mariana', '38', '9.0'),
('39', 'joel', '39', '8.3'),
('40', 'luciana', '40', '7.0'),
('41', 'rodrigo', '41', '8.1'),
('42', 'natalia', '42', '7.4'),
('43', 'alex', '43', '9.4'),
('44', 'fabiana', '44', '8.2'),
('45', 'sergio', '45', '7.5'),
('46', 'priscila', '46', '8.6'),
('47', 'andre', '47', '7.9'),
('48', 'debora', '48', '9.0'),
('49', 'claudia', '49', '8.3'),
('50', 'wagner', '50', '7.2');


create table tbprodutora(
      codprodutora int not null ,
      nomeprodutora varchar(100) not null,
      codfilmeprodutora int not null,
      constraint varificacaoprodutora 
                       check(codprodutora >= 0),
      constraint pkprodutora primary key (codprodutora),
      constraint fkprodutora foreign key (codfilmeprodutora) 
                              references tbfilmes (codfilme)
);

INSERT INTO tbprodutora (codprodutora, nomeprodutora, codfilmeprodutora) VALUES
('1', 'Produtora Alpha', '1'),
('2', 'Produtora Beta', '2'),
('3', 'Produtora Gamma', '3'),
('4', 'Produtora Delta', '4'),
('5', 'Produtora Epsilon', '5'),
('6', 'Produtora Zeta', '6'),
('7', 'Produtora Eta', '7'),
('8', 'Produtora Theta', '8'),
('9', 'Produtora Iota', '9'),
('10', 'Produtora Kappa', '10'),
('11', 'Produtora Lambda', '11'),
('12', 'Produtora Mu', '12'),
('13', 'Produtora Nu', '13'),
('14', 'Produtora Xi', '14'),
('15', 'Produtora Omicron', '15'),
('16', 'Produtora Pi', '16'),
('17', 'Produtora Rho', '17'),
('18', 'Produtora Sigma', '18'),
('19', 'Produtora Tau', '19'),
('20', 'Produtora Upsilon', '20'),
('21', 'Produtora Phi', '21'),
('22', 'Produtora Chi', '22'),
('23', 'Produtora Psi', '23'),
('24', 'Produtora Omega', '24'),
('25', 'Produtora Estrela', '25'),
('26', 'Produtora Solar', '26'),
('27', 'Produtora Lunar', '27'),
('28', 'Produtora Terra', '28'),
('29', 'Produtora Marte', '29'),
('30', 'Produtora Júpiter', '30'),
('31', 'Produtora Saturno', '31'),
('32', 'Produtora Urano', '32'),
('33', 'Produtora Netuno', '33'),
('34', 'Produtora Plutão', '34'),
('35', 'Produtora Galáxia', '35'),
('36', 'Produtora Cometa', '36'),
('37', 'Produtora Asteroide', '37'),
('38', 'Produtora Cosmos', '38'),
('39', 'Produtora Meteoro', '39'),
('40', 'Produtora Estelar', '40'),
('41', 'Produtora Vênus', '41'),
('42', 'Produtora Mercúrio', '42'),
('43', 'Produtora Andromeda', '43'),
('44', 'Produtora Órion', '44'),
('45', 'Produtora Cassiopeia', '45'),
('46', 'Produtora Pegasus', '46'),
('47', 'Produtora Fênix', '47'),
('48', 'Produtora Hydra', '48'),
('49', 'Produtora Centauro', '49'),
('50', 'Produtora Draco', '50');

